[{
  "_id": {
    "$oid": "68a46b6c5185b8ea7ad6ae60"
  },
  "userId": "user_31VOJSOp9qy5mwejZZ9nwb1U74r",
  "name": "Lakshya Agarwal",
  "email": "mosaicc.main@gmail.com",
  "phone": "88227474202",
  "specialization": "dfafe",
  "category": "surgery",
  "experience": 200,
  "qualifications": [
    "Mbbs",
    "somethingms"
  ],
  "consultationFee": 100000,
  "availability": [
    {
      "day": "Tuesday",
      "slots": [
        "13:00",
        "14:30",
        "20:00"
      ],
      "_id": {
        "$oid": "68a46b6c5185b8ea7ad6ae61"
      }
    }
  ],
  "status": "approved",
  "createdAt": {
    "$date": "2025-08-19T12:17:48.575Z"
  },
  "updatedAt": {
    "$date": "2025-08-19T12:17:48.575Z"
  },
  "__v": 0
},
{
  "_id": {
    "$oid": "68a488a1502886aaaf6691e1"
  },
  "userId": "doctor_001",
  "name": "Dr. Rajesh Kumar",
  "email": "rajesh.kumar@healthcare.com",
  "phone": "+91-9876543001",
  "specialization": "Interventional Cardiology",
  "category": "cardiology",
  "experience": 15,
  "qualifications": [
    "MBBS",
    "MD Cardiology",
    "DM Interventional Cardiology"
  ],
  "consultationFee": 2500,
  "availability": [
    {
      "day": "Monday",
      "slots": [
        "09:00",
        "10:00",
        "11:00",
        "16:00",
        "17:00"
      ],
      "_id": {
        "$oid": "68a488a1502886aaaf6691e2"
      }
    },
    {
      "day": "Wednesday",
      "slots": [
        "09:00",
        "10:00",
        "14:00",
        "15:00",
        "16:00"
      ],
      "_id": {
        "$oid": "68a488a1502886aaaf6691e3"
      }
    },
    {
      "day": "Friday",
      "slots": [
        "09:00",
        "11:00",
        "14:00",
        "16:00"
      ],
      "_id": {
        "$oid": "68a488a1502886aaaf6691e4"
      }
    }
  ],
  "status": "approved",
  "__v": 0,
  "createdAt": {
    "$date": "2025-08-19T14:22:25.560Z"
  },
  "updatedAt": {
    "$date": "2025-08-19T14:22:25.560Z"
  }
},
{
  "_id": {
    "$oid": "68a488a1502886aaaf6691e5"
  },
  "userId": "doctor_002",
  "name": "Dr. Priya Sharma",
  "email": "priya.sharma@healthcare.com",
  "phone": "+91-9876543002",
  "specialization": "Cosmetic Dermatology",
  "category": "dermatology",
  "experience": 12,
  "qualifications": [
    "MBBS",
    "MD Dermatology",
    "Fellowship in Cosmetic Dermatology"
  ],
  "consultationFee": 1800,
  "availability": [
    {
      "day": "Tuesday",
      "slots": [
        "10:00",
        "11:00",
        "14:00",
        "15:00",
        "16:00"
      ],
      "_id": {
        "$oid": "68a488a1502886aaaf6691e6"
      }
    },
    {
      "day": "Thursday",
      "slots": [
        "09:00",
        "10:00",
        "11:00",
        "16:00"
      ],
      "_id": {
        "$oid": "68a488a1502886aaaf6691e7"
      }
    },
    {
      "day": "Saturday",
      "slots": [
        "09:00",
        "10:00",
        "11:00"
      ],
      "_id": {
        "$oid": "68a488a1502886aaaf6691e8"
      }
    }
  ],
  "status": "approved",
  "__v": 0,
  "createdAt": {
    "$date": "2025-08-19T14:22:25.561Z"
  },
  "updatedAt": {
    "$date": "2025-08-19T14:22:25.561Z"
  }
},
{
  "_id": {
    "$oid": "68a488a1502886aaaf6691e9"
  },
  "userId": "doctor_003",
  "name": "Dr. Amit Patel",
  "email": "amit.patel@healthcare.com",
  "phone": "+91-9876543003",
  "specialization": "Pediatric Cardiology",
  "category": "pediatrics",
  "experience": 18,
  "qualifications": [
    "MBBS",
    "MD Pediatrics",
    "DM Pediatric Cardiology"
  ],
  "consultationFee": 2200,
  "availability": [
    {
      "day": "Monday",
      "slots": [
        "14:00",
        "15:00",
        "16:00",
        "17:00"
      ],
      "_id": {
        "$oid": "68a488a1502886aaaf6691ea"
      }
    },
    {
      "day": "Wednesday",
      "slots": [
        "09:00",
        "10:00",
        "14:00",
        "15:00"
      ],
      "_id": {
        "$oid": "68a488a1502886aaaf6691eb"
      }
    },
    {
      "day": "Friday",
      "slots": [
        "10:00",
        "11:00",
        "16:00",
        "17:00"
      ],
      "_id": {
        "$oid": "68a488a1502886aaaf6691ec"
      }
    }
  ],
  "status": "approved",
  "__v": 0,
  "createdAt": {
    "$date": "2025-08-19T14:22:25.561Z"
  },
  "updatedAt": {
    "$date": "2025-08-19T14:22:25.561Z"
  }
},
{
  "_id": {
    "$oid": "68a488a1502886aaaf6691ed"
  },
  "userId": "doctor_004",
  "name": "Dr. Sunita Singh",
  "email": "sunita.singh@healthcare.com",
  "phone": "+91-9876543004",
  "specialization": "Joint Replacement Surgery",
  "category": "orthopedics",
  "experience": 20,
  "qualifications": [
    "MBBS",
    "MS Orthopedics",
    "Fellowship in Joint Replacement"
  ],
  "consultationFee": 3000,
  "availability": [
    {
      "day": "Tuesday",
      "slots": [
        "09:00",
        "10:00",
        "11:00"
      ],
      "_id": {
        "$oid": "68a488a1502886aaaf6691ee"
      }
    },
    {
      "day": "Thursday",
      "slots": [
        "14:00",
        "15:00",
        "16:00",
        "17:00"
      ],
      "_id": {
        "$oid": "68a488a1502886aaaf6691ef"
      }
    },
    {
      "day": "Saturday",
      "slots": [
        "09:00",
        "10:00",
        "11:00",
        "14:00"
      ],
      "_id": {
        "$oid": "68a488a1502886aaaf6691f0"
      }
    }
  ],
  "status": "approved",
  "__v": 0,
  "createdAt": {
    "$date": "2025-08-19T14:22:25.561Z"
  },
  "updatedAt": {
    "$date": "2025-08-19T14:22:25.561Z"
  }
},
{
  "_id": {
    "$oid": "68a488a1502886aaaf6691f1"
  },
  "userId": "doctor_005",
  "name": "Dr. Arjun Reddy",
  "email": "arjun.reddy@healthcare.com",
  "phone": "+91-9876543005",
  "specialization": "Stroke Neurology",
  "category": "neurology",
  "experience": 14,
  "qualifications": [
    "MBBS",
    "MD Medicine",
    "DM Neurology"
  ],
  "consultationFee": 2800,
  "availability": [
    {
      "day": "Monday",
      "slots": [
        "09:00",
        "10:00",
        "11:00",
        "14:00"
      ],
      "_id": {
        "$oid": "68a488a1502886aaaf6691f2"
      }
    },
    {
      "day": "Wednesday",
      "slots": [
        "10:00",
        "11:00",
        "15:00",
        "16:00"
      ],
      "_id": {
        "$oid": "68a488a1502886aaaf6691f3"
      }
    },
    {
      "day": "Friday",
      "slots": [
        "09:00",
        "14:00",
        "15:00",
        "16:00"
      ],
      "_id": {
        "$oid": "68a488a1502886aaaf6691f4"
      }
    }
  ],
  "status": "approved",
  "__v": 0,
  "createdAt": {
    "$date": "2025-08-19T14:22:25.561Z"
  },
  "updatedAt": {
    "$date": "2025-08-19T14:22:25.561Z"
  }
},
{
  "_id": {
    "$oid": "68a488a1502886aaaf6691f5"
  },
  "userId": "doctor_006",
  "name": "Dr. Kavya Nair",
  "email": "kavya.nair@healthcare.com",
  "phone": "+91-9876543006",
  "specialization": "Reproductive Medicine",
  "category": "gynecology",
  "experience": 16,
  "qualifications": [
    "MBBS",
    "MS Gynecology",
    "Fellowship in Reproductive Medicine"
  ],
  "consultationFee": 2000,
  "availability": [
    {
      "day": "Tuesday",
      "slots": [
        "14:00",
        "15:00",
        "16:00",
        "17:00"
      ],
      "_id": {
        "$oid": "68a488a1502886aaaf6691f6"
      }
    },
    {
      "day": "Thursday",
      "slots": [
        "09:00",
        "10:00",
        "11:00",
        "14:00"
      ],
      "_id": {
        "$oid": "68a488a1502886aaaf6691f7"
      }
    },
    {
      "day": "Saturday",
      "slots": [
        "10:00",
        "11:00",
        "14:00",
        "15:00"
      ],
      "_id": {
        "$oid": "68a488a1502886aaaf6691f8"
      }
    }
  ],
  "status": "approved",
  "__v": 0,
  "createdAt": {
    "$date": "2025-08-19T14:22:25.561Z"
  },
  "updatedAt": {
    "$date": "2025-08-19T14:22:25.561Z"
  }
},
{
  "_id": {
    "$oid": "68a488a1502886aaaf6691f9"
  },
  "userId": "doctor_007",
  "name": "Dr. Vikram Joshi",
  "email": "vikram.joshi@healthcare.com",
  "phone": "+91-9876543007",
  "specialization": "ENT Surgery",
  "category": "ENT",
  "experience": 11,
  "qualifications": [
    "MBBS",
    "MS ENT",
    "Fellowship in Head & Neck Surgery"
  ],
  "consultationFee": 1500,
  "availability": [
    {
      "day": "Monday",
      "slots": [
        "15:00",
        "16:00",
        "17:00"
      ],
      "_id": {
        "$oid": "68a488a1502886aaaf6691fa"
      }
    },
    {
      "day": "Wednesday",
      "slots": [
        "09:00",
        "10:00",
        "11:00",
        "16:00"
      ],
      "_id": {
        "$oid": "68a488a1502886aaaf6691fb"
      }
    },
    {
      "day": "Friday",
      "slots": [
        "14:00",
        "15:00",
        "16:00",
        "17:00"
      ],
      "_id": {
        "$oid": "68a488a1502886aaaf6691fc"
      }
    }
  ],
  "status": "approved",
  "__v": 0,
  "createdAt": {
    "$date": "2025-08-19T14:22:25.561Z"
  },
  "updatedAt": {
    "$date": "2025-08-19T14:22:25.561Z"
  }
},
{
  "_id": {
    "$oid": "68a488a1502886aaaf6691fd"
  },
  "userId": "doctor_008",
  "name": "Dr. Meera Gupta",
  "email": "meera.gupta@healthcare.com",
  "phone": "+91-9876543008",
  "specialization": "Child Psychiatry",
  "category": "psychiatry",
  "experience": 13,
  "qualifications": [
    "MBBS",
    "MD Psychiatry",
    "Fellowship in Child Psychiatry"
  ],
  "consultationFee": 2200,
  "availability": [
    {
      "day": "Tuesday",
      "slots": [
        "10:00",
        "11:00",
        "14:00",
        "15:00"
      ],
      "_id": {
        "$oid": "68a488a1502886aaaf6691fe"
      }
    },
    {
      "day": "Thursday",
      "slots": [
        "15:00",
        "16:00",
        "17:00"
      ],
      "_id": {
        "$oid": "68a488a1502886aaaf6691ff"
      }
    },
    {
      "day": "Saturday",
      "slots": [
        "09:00",
        "10:00",
        "11:00"
      ],
      "_id": {
        "$oid": "68a488a1502886aaaf669200"
      }
    }
  ],
  "status": "approved",
  "__v": 0,
  "createdAt": {
    "$date": "2025-08-19T14:22:25.561Z"
  },
  "updatedAt": {
    "$date": "2025-08-19T14:22:25.561Z"
  }
},
{
  "_id": {
    "$oid": "68a488a1502886aaaf669201"
  },
  "userId": "doctor_009",
  "name": "Dr. Ravi Mehta",
  "email": "ravi.mehta@healthcare.com",
  "phone": "+91-9876543009",
  "specialization": "Endocrinology",
  "category": "general medicine",
  "experience": 17,
  "qualifications": [
    "MBBS",
    "MD Medicine",
    "DM Endocrinology"
  ],
  "consultationFee": 1800,
  "availability": [
    {
      "day": "Monday",
      "slots": [
        "10:00",
        "11:00",
        "14:00",
        "15:00"
      ],
      "_id": {
        "$oid": "68a488a1502886aaaf669202"
      }
    },
    {
      "day": "Wednesday",
      "slots": [
        "14:00",
        "15:00",
        "16:00",
        "17:00"
      ],
      "_id": {
        "$oid": "68a488a1502886aaaf669203"
      }
    },
    {
      "day": "Friday",
      "slots": [
        "09:00",
        "10:00",
        "11:00"
      ],
      "_id": {
        "$oid": "68a488a1502886aaaf669204"
      }
    }
  ],
  "status": "approved",
  "__v": 0,
  "createdAt": {
    "$date": "2025-08-19T14:22:25.561Z"
  },
  "updatedAt": {
    "$date": "2025-08-19T14:22:25.561Z"
  }
},
{
  "_id": {
    "$oid": "68a488a1502886aaaf669205"
  },
  "userId": "doctor_010",
  "name": "Dr. Anjali Verma",
  "email": "anjali.verma@healthcare.com",
  "phone": "+91-9876543010",
  "specialization": "General Surgery",
  "category": "surgery",
  "experience": 19,
  "qualifications": [
    "MBBS",
    "MS General Surgery",
    "MCh Surgical Oncology"
  ],
  "consultationFee": 2500,
  "availability": [
    {
      "day": "Tuesday",
      "slots": [
        "09:00",
        "10:00",
        "14:00"
      ],
      "_id": {
        "$oid": "68a488a1502886aaaf669206"
      }
    },
    {
      "day": "Thursday",
      "slots": [
        "10:00",
        "11:00",
        "15:00",
        "16:00"
      ],
      "_id": {
        "$oid": "68a488a1502886aaaf669207"
      }
    },
    {
      "day": "Saturday",
      "slots": [
        "09:00",
        "10:00",
        "11:00",
        "14:00"
      ],
      "_id": {
        "$oid": "68a488a1502886aaaf669208"
      }
    }
  ],
  "status": "approved",
  "__v": 0,
  "createdAt": {
    "$date": "2025-08-19T14:22:25.561Z"
  },
  "updatedAt": {
    "$date": "2025-08-19T14:22:25.561Z"
  }
},
{
  "_id": {
    "$oid": "68a488a1502886aaaf669209"
  },
  "userId": "doctor_011",
  "name": "Dr. Karan Singh",
  "email": "karan.singh@healthcare.com",
  "phone": "+91-9876543011",
  "specialization": "Electrophysiology",
  "category": "cardiology",
  "experience": 21,
  "qualifications": [
    "MBBS",
    "MD Cardiology",
    "DM Electrophysiology"
  ],
  "consultationFee": 3200,
  "availability": [
    {
      "day": "Monday",
      "slots": [
        "09:00",
        "10:00",
        "16:00",
        "17:00"
      ],
      "_id": {
        "$oid": "68a488a1502886aaaf66920a"
      }
    },
    {
      "day": "Wednesday",
      "slots": [
        "11:00",
        "14:00",
        "15:00"
      ],
      "_id": {
        "$oid": "68a488a1502886aaaf66920b"
      }
    },
    {
      "day": "Friday",
      "slots": [
        "09:00",
        "10:00",
        "15:00",
        "16:00"
      ],
      "_id": {
        "$oid": "68a488a1502886aaaf66920c"
      }
    }
  ],
  "status": "approved",
  "__v": 0,
  "createdAt": {
    "$date": "2025-08-19T14:22:25.561Z"
  },
  "updatedAt": {
    "$date": "2025-08-19T14:22:25.561Z"
  }
},
{
  "_id": {
    "$oid": "68a488a1502886aaaf66920d"
  },
  "userId": "doctor_012",
  "name": "Dr. Pooja Agarwal",
  "email": "pooja.agarwal@healthcare.com",
  "phone": "+91-9876543012",
  "specialization": "Pediatric Dermatology",
  "category": "dermatology",
  "experience": 9,
  "qualifications": [
    "MBBS",
    "MD Dermatology",
    "Fellowship in Pediatric Dermatology"
  ],
  "consultationFee": 1600,
  "availability": [
    {
      "day": "Tuesday",
      "slots": [
        "11:00",
        "14:00",
        "15:00",
        "16:00"
      ],
      "_id": {
        "$oid": "68a488a1502886aaaf66920e"
      }
    },
    {
      "day": "Thursday",
      "slots": [
        "09:00",
        "10:00",
        "14:00",
        "15:00"
      ],
      "_id": {
        "$oid": "68a488a1502886aaaf66920f"
      }
    },
    {
      "day": "Saturday",
      "slots": [
        "10:00",
        "11:00",
        "14:00"
      ],
      "_id": {
        "$oid": "68a488a1502886aaaf669210"
      }
    }
  ],
  "status": "approved",
  "__v": 0,
  "createdAt": {
    "$date": "2025-08-19T14:22:25.561Z"
  },
  "updatedAt": {
    "$date": "2025-08-19T14:22:25.561Z"
  }
},
{
  "_id": {
    "$oid": "68a488a1502886aaaf669211"
  },
  "userId": "doctor_013",
  "name": "Dr. Rahul Jain",
  "email": "rahul.jain@healthcare.com",
  "phone": "+91-9876543013",
  "specialization": "Neonatology",
  "category": "pediatrics",
  "experience": 15,
  "qualifications": [
    "MBBS",
    "MD Pediatrics",
    "DM Neonatology"
  ],
  "consultationFee": 2400,
  "availability": [
    {
      "day": "Monday",
      "slots": [
        "14:00",
        "15:00",
        "16:00"
      ],
      "_id": {
        "$oid": "68a488a1502886aaaf669212"
      }
    },
    {
      "day": "Wednesday",
      "slots": [
        "09:00",
        "10:00",
        "11:00",
        "17:00"
      ],
      "_id": {
        "$oid": "68a488a1502886aaaf669213"
      }
    },
    {
      "day": "Friday",
      "slots": [
        "10:00",
        "11:00",
        "14:00",
        "15:00"
      ],
      "_id": {
        "$oid": "68a488a1502886aaaf669214"
      }
    }
  ],
  "status": "approved",
  "__v": 0,
  "createdAt": {
    "$date": "2025-08-19T14:22:25.561Z"
  },
  "updatedAt": {
    "$date": "2025-08-19T14:22:25.561Z"
  }
},
{
  "_id": {
    "$oid": "68a488a1502886aaaf669215"
  },
  "userId": "doctor_014",
  "name": "Dr. Neha Kapoor",
  "email": "neha.kapoor@healthcare.com",
  "phone": "+91-9876543014",
  "specialization": "Spine Surgery",
  "category": "orthopedics",
  "experience": 22,
  "qualifications": [
    "MBBS",
    "MS Orthopedics",
    "Fellowship in Spine Surgery"
  ],
  "consultationFee": 3500,
  "availability": [
    {
      "day": "Tuesday",
      "slots": [
        "09:00",
        "10:00",
        "11:00"
      ],
      "_id": {
        "$oid": "68a488a1502886aaaf669216"
      }
    },
    {
      "day": "Thursday",
      "slots": [
        "14:00",
        "15:00",
        "16:00"
      ],
      "_id": {
        "$oid": "68a488a1502886aaaf669217"
      }
    },
    {
      "day": "Saturday",
      "slots": [
        "09:00",
        "10:00",
        "14:00",
        "15:00"
      ],
      "_id": {
        "$oid": "68a488a1502886aaaf669218"
      }
    }
  ],
  "status": "approved",
  "__v": 0,
  "createdAt": {
    "$date": "2025-08-19T14:22:25.561Z"
  },
  "updatedAt": {
    "$date": "2025-08-19T14:22:25.561Z"
  }
},
{
  "_id": {
    "$oid": "68a488a1502886aaaf669219"
  },
  "userId": "doctor_015",
  "name": "Dr. Sanjay Tripathi",
  "email": "sanjay.tripathi@healthcare.com",
  "phone": "+91-9876543015",
  "specialization": "Epilepsy",
  "category": "neurology",
  "experience": 18,
  "qualifications": [
    "MBBS",
    "MD Medicine",
    "DM Neurology",
    "Fellowship in Epilepsy"
  ],
  "consultationFee": 2600,
  "availability": [
    {
      "day": "Monday",
      "slots": [
        "09:00",
        "10:00",
        "11:00",
        "15:00"
      ],
      "_id": {
        "$oid": "68a488a1502886aaaf66921a"
      }
    },
    {
      "day": "Wednesday",
      "slots": [
        "14:00",
        "15:00",
        "16:00",
        "17:00"
      ],
      "_id": {
        "$oid": "68a488a1502886aaaf66921b"
      }
    },
    {
      "day": "Friday",
      "slots": [
        "10:00",
        "11:00",
        "14:00"
      ],
      "_id": {
        "$oid": "68a488a1502886aaaf66921c"
      }
    }
  ],
  "status": "approved",
  "__v": 0,
  "createdAt": {
    "$date": "2025-08-19T14:22:25.561Z"
  },
  "updatedAt": {
    "$date": "2025-08-19T14:22:25.561Z"
  }
},
{
  "_id": {
    "$oid": "68a488a1502886aaaf66921d"
  },
  "userId": "doctor_016",
  "name": "Dr. Deepika Rao",
  "email": "deepika.rao@healthcare.com",
  "phone": "+91-9876543016",
  "specialization": "Maternal Fetal Medicine",
  "category": "gynecology",
  "experience": 14,
  "qualifications": [
    "MBBS",
    "MS Gynecology",
    "Fellowship in Maternal Fetal Medicine"
  ],
  "consultationFee": 2300,
  "availability": [
    {
      "day": "Tuesday",
      "slots": [
        "10:00",
        "11:00",
        "15:00",
        "16:00"
      ],
      "_id": {
        "$oid": "68a488a1502886aaaf66921e"
      }
    },
    {
      "day": "Thursday",
      "slots": [
        "09:00",
        "14:00",
        "15:00",
        "17:00"
      ],
      "_id": {
        "$oid": "68a488a1502886aaaf66921f"
      }
    },
    {
      "day": "Saturday",
      "slots": [
        "09:00",
        "10:00",
        "11:00"
      ],
      "_id": {
        "$oid": "68a488a1502886aaaf669220"
      }
    }
  ],
  "status": "approved",
  "__v": 0,
  "createdAt": {
    "$date": "2025-08-19T14:22:25.561Z"
  },
  "updatedAt": {
    "$date": "2025-08-19T14:22:25.561Z"
  }
},
{
  "_id": {
    "$oid": "68a488a1502886aaaf669221"
  },
  "userId": "doctor_017",
  "name": "Dr. Manish Kumar",
  "email": "manish.kumar@healthcare.com",
  "phone": "+91-9876543017",
  "specialization": "Rhinology",
  "category": "ENT",
  "experience": 16,
  "qualifications": [
    "MBBS",
    "MS ENT",
    "Fellowship in Rhinology"
  ],
  "consultationFee": 1700,
  "availability": [
    {
      "day": "Monday",
      "slots": [
        "11:00",
        "14:00",
        "15:00",
        "16:00"
      ],
      "_id": {
        "$oid": "68a488a1502886aaaf669222"
      }
    },
    {
      "day": "Wednesday",
      "slots": [
        "09:00",
        "10:00",
        "16:00",
        "17:00"
      ],
      "_id": {
        "$oid": "68a488a1502886aaaf669223"
      }
    },
    {
      "day": "Friday",
      "slots": [
        "09:00",
        "10:00",
        "15:00"
      ],
      "_id": {
        "$oid": "68a488a1502886aaaf669224"
      }
    }
  ],
  "status": "approved",
  "__v": 0,
  "createdAt": {
    "$date": "2025-08-19T14:22:25.561Z"
  },
  "updatedAt": {
    "$date": "2025-08-19T14:22:25.561Z"
  }
},
{
  "_id": {
    "$oid": "68a488a1502886aaaf669225"
  },
  "userId": "doctor_018",
  "name": "Dr. Ritika Pandey",
  "email": "ritika.pandey@healthcare.com",
  "phone": "+91-9876543018",
  "specialization": "Addiction Psychiatry",
  "category": "psychiatry",
  "experience": 10,
  "qualifications": [
    "MBBS",
    "MD Psychiatry",
    "Fellowship in Addiction Psychiatry"
  ],
  "consultationFee": 2000,
  "availability": [
    {
      "day": "Tuesday",
      "slots": [
        "14:00",
        "15:00",
        "16:00",
        "17:00"
      ],
      "_id": {
        "$oid": "68a488a1502886aaaf669226"
      }
    },
    {
      "day": "Thursday",
      "slots": [
        "10:00",
        "11:00",
        "14:00"
      ],
      "_id": {
        "$oid": "68a488a1502886aaaf669227"
      }
    },
    {
      "day": "Saturday",
      "slots": [
        "09:00",
        "10:00",
        "11:00",
        "14:00"
      ],
      "_id": {
        "$oid": "68a488a1502886aaaf669228"
      }
    }
  ],
  "status": "approved",
  "__v": 0,
  "createdAt": {
    "$date": "2025-08-19T14:22:25.562Z"
  },
  "updatedAt": {
    "$date": "2025-08-19T14:22:25.562Z"
  }
},
{
  "_id": {
    "$oid": "68a488a1502886aaaf669229"
  },
  "userId": "doctor_019",
  "name": "Dr. Abhishek Tiwari",
  "email": "abhishek.tiwari@healthcare.com",
  "phone": "+91-9876543019",
  "specialization": "Rheumatology",
  "category": "general medicine",
  "experience": 13,
  "qualifications": [
    "MBBS",
    "MD Medicine",
    "DM Rheumatology"
  ],
  "consultationFee": 1900,
  "availability": [
    {
      "day": "Monday",
      "slots": [
        "10:00",
        "11:00",
        "16:00",
        "17:00"
      ],
      "_id": {
        "$oid": "68a488a1502886aaaf66922a"
      }
    },
    {
      "day": "Wednesday",
      "slots": [
        "09:00",
        "14:00",
        "15:00",
        "16:00"
      ],
      "_id": {
        "$oid": "68a488a1502886aaaf66922b"
      }
    },
    {
      "day": "Friday",
      "slots": [
        "11:00",
        "14:00",
        "15:00"
      ],
      "_id": {
        "$oid": "68a488a1502886aaaf66922c"
      }
    }
  ],
  "status": "approved",
  "__v": 0,
  "createdAt": {
    "$date": "2025-08-19T14:22:25.562Z"
  },
  "updatedAt": {
    "$date": "2025-08-19T14:22:25.562Z"
  }
},
{
  "_id": {
    "$oid": "68a488a1502886aaaf66922d"
  },
  "userId": "doctor_020",
  "name": "Dr. Shreya Malhotra",
  "email": "shreya.malhotra@healthcare.com",
  "phone": "+91-9876543020",
  "specialization": "Neurosurgery",
  "category": "surgery",
  "experience": 25,
  "qualifications": [
    "MBBS",
    "MS General Surgery",
    "MCh Neurosurgery"
  ],
  "consultationFee": 4000,
  "availability": [
    {
      "day": "Tuesday",
      "slots": [
        "09:00",
        "10:00"
      ],
      "_id": {
        "$oid": "68a488a1502886aaaf66922e"
      }
    },
    {
      "day": "Thursday",
      "slots": [
        "11:00",
        "14:00",
        "15:00"
      ],
      "_id": {
        "$oid": "68a488a1502886aaaf66922f"
      }
    },
    {
      "day": "Saturday",
      "slots": [
        "09:00",
        "10:00",
        "11:00"
      ],
      "_id": {
        "$oid": "68a488a1502886aaaf669230"
      }
    }
  ],
  "status": "approved",
  "__v": 0,
  "createdAt": {
    "$date": "2025-08-19T14:22:25.562Z"
  },
  "updatedAt": {
    "$date": "2025-08-19T14:22:25.562Z"
  }
},
{
  "_id": {
    "$oid": "68a488a1502886aaaf669231"
  },
  "userId": "doctor_021",
  "name": "Dr. Arun Sharma",
  "email": "arun.sharma@healthcare.com",
  "phone": "+91-9876543021",
  "specialization": "Heart Failure",
  "category": "cardiology",
  "experience": 19,
  "qualifications": [
    "MBBS",
    "MD Cardiology",
    "DM Heart Failure"
  ],
  "consultationFee": 2900,
  "availability": [
    {
      "day": "Monday",
      "slots": [
        "14:00",
        "15:00",
        "16:00"
      ],
      "_id": {
        "$oid": "68a488a1502886aaaf669232"
      }
    },
    {
      "day": "Wednesday",
      "slots": [
        "09:00",
        "10:00",
        "11:00"
      ],
      "_id": {
        "$oid": "68a488a1502886aaaf669233"
      }
    },
    {
      "day": "Friday",
      "slots": [
        "15:00",
        "16:00",
        "17:00"
      ],
      "_id": {
        "$oid": "68a488a1502886aaaf669234"
      }
    }
  ],
  "status": "approved",
  "__v": 0,
  "createdAt": {
    "$date": "2025-08-19T14:22:25.562Z"
  },
  "updatedAt": {
    "$date": "2025-08-19T14:22:25.562Z"
  }
},
{
  "_id": {
    "$oid": "68a488a1502886aaaf669235"
  },
  "userId": "doctor_022",
  "name": "Dr. Nidhi Ahluwalia",
  "email": "nidhi.ahluwalia@healthcare.com",
  "phone": "+91-9876543022",
  "specialization": "Dermatopathology",
  "category": "dermatology",
  "experience": 12,
  "qualifications": [
    "MBBS",
    "MD Dermatology",
    "Fellowship in Dermatopathology"
  ],
  "consultationFee": 1750,
  "availability": [
    {
      "day": "Tuesday",
      "slots": [
        "09:00",
        "10:00",
        "11:00",
        "16:00"
      ],
      "_id": {
        "$oid": "68a488a1502886aaaf669236"
      }
    },
    {
      "day": "Thursday",
      "slots": [
        "14:00",
        "15:00",
        "16:00",
        "17:00"
      ],
      "_id": {
        "$oid": "68a488a1502886aaaf669237"
      }
    },
    {
      "day": "Saturday",
      "slots": [
        "10:00",
        "11:00"
      ],
      "_id": {
        "$oid": "68a488a1502886aaaf669238"
      }
    }
  ],
  "status": "approved",
  "__v": 0,
  "createdAt": {
    "$date": "2025-08-19T14:22:25.562Z"
  },
  "updatedAt": {
    "$date": "2025-08-19T14:22:25.562Z"
  }
},
{
  "_id": {
    "$oid": "68a488a1502886aaaf669239"
  },
  "userId": "doctor_023",
  "name": "Dr. Gaurav Bansal",
  "email": "gaurav.bansal@healthcare.com",
  "phone": "+91-9876543023",
  "specialization": "Pediatric Endocrinology",
  "category": "pediatrics",
  "experience": 11,
  "qualifications": [
    "MBBS",
    "MD Pediatrics",
    "DM Pediatric Endocrinology"
  ],
  "consultationFee": 2100,
  "availability": [
    {
      "day": "Monday",
      "slots": [
        "09:00",
        "10:00",
        "15:00",
        "16:00"
      ],
      "_id": {
        "$oid": "68a488a1502886aaaf66923a"
      }
    },
    {
      "day": "Wednesday",
      "slots": [
        "11:00",
        "14:00",
        "15:00",
        "17:00"
      ],
      "_id": {
        "$oid": "68a488a1502886aaaf66923b"
      }
    },
    {
      "day": "Friday",
      "slots": [
        "09:00",
        "10:00",
        "14:00"
      ],
      "_id": {
        "$oid": "68a488a1502886aaaf66923c"
      }
    }
  ],
  "status": "approved",
  "__v": 0,
  "createdAt": {
    "$date": "2025-08-19T14:22:25.562Z"
  },
  "updatedAt": {
    "$date": "2025-08-19T14:22:25.562Z"
  }
},
{
  "_id": {
    "$oid": "68a488a1502886aaaf66923d"
  },
  "userId": "doctor_024",
  "name": "Dr. Sonia Khanna",
  "email": "sonia.khanna@healthcare.com",
  "phone": "+91-9876543024",
  "specialization": "Sports Medicine",
  "category": "orthopedics",
  "experience": 8,
  "qualifications": [
    "MBBS",
    "MS Orthopedics",
    "Fellowship in Sports Medicine"
  ],
  "consultationFee": 2000,
  "availability": [
    {
      "day": "Tuesday",
      "slots": [
        "11:00",
        "14:00",
        "15:00",
        "16:00"
      ],
      "_id": {
        "$oid": "68a488a1502886aaaf66923e"
      }
    },
    {
      "day": "Thursday",
      "slots": [
        "09:00",
        "10:00",
        "15:00",
        "16:00"
      ],
      "_id": {
        "$oid": "68a488a1502886aaaf66923f"
      }
    },
    {
      "day": "Saturday",
      "slots": [
        "09:00",
        "10:00",
        "14:00",
        "15:00"
      ],
      "_id": {
        "$oid": "68a488a1502886aaaf669240"
      }
    }
  ],
  "status": "approved",
  "__v": 0,
  "createdAt": {
    "$date": "2025-08-19T14:22:25.562Z"
  },
  "updatedAt": {
    "$date": "2025-08-19T14:22:25.562Z"
  }
},
{
  "_id": {
    "$oid": "68a488a1502886aaaf669241"
  },
  "userId": "doctor_025",
  "name": "Dr. Rohit Agarwal",
  "email": "rohit.agarwal@healthcare.com",
  "phone": "+91-9876543025",
  "specialization": "Neuromuscular Disorders",
  "category": "neurology",
  "experience": 16,
  "qualifications": [
    "MBBS",
    "MD Medicine",
    "DM Neurology"
  ],
  "consultationFee": 2400,
  "availability": [
    {
      "day": "Monday",
      "slots": [
        "11:00",
        "14:00",
        "15:00"
      ],
      "_id": {
        "$oid": "68a488a1502886aaaf669242"
      }
    },
    {
      "day": "Wednesday",
      "slots": [
        "09:00",
        "10:00",
        "16:00",
        "17:00"
      ],
      "_id": {
        "$oid": "68a488a1502886aaaf669243"
      }
    },
    {
      "day": "Friday",
      "slots": [
        "10:00",
        "11:00",
        "14:00",
        "16:00"
      ],
      "_id": {
        "$oid": "68a488a1502886aaaf669244"
      }
    }
  ],
  "status": "approved",
  "__v": 0,
  "createdAt": {
    "$date": "2025-08-19T14:22:25.562Z"
  },
  "updatedAt": {
    "$date": "2025-08-19T14:22:25.562Z"
  }
}]